download,upload,ping
11213922.003226548,924263.4507436008,18.905
11189544.739694437,970250.4017665143,18.82
12056124.585948387,1032317.9932199366,19.822
